{"cameraMode":{"drawMode":0,"name":"Shaded","section":"Shading Mode"},"sceneLighting":false,"audioPlay":false,"sceneViewState":{"showFog":true,"showMaterialUpdate":true,"showSkybox":true,"showFlares":true,"showImageEffects":true,"showParticleSystems":true},"in2DMode":false,"pivot":{"x":16.175596237182618,"y":1.7654329538345338,"z":12.659566879272461},"rotation":{"x":0.000006749975909770001,"y":0.9999887347221375,"z":0.00449997978284955,"w":-0.0014999842969700695},"size":2.842362642288208,"orthographic":true}