{"cameraMode":{"drawMode":0,"name":"Shaded","section":"Shading Mode"},"sceneLighting":false,"audioPlay":false,"sceneViewState":{"showFog":true,"showMaterialUpdate":true,"showSkybox":true,"showFlares":true,"showImageEffects":true,"showParticleSystems":true},"in2DMode":false,"pivot":{"x":16.375974655151368,"y":-0.2099776268005371,"z":16.202844619750978},"rotation":{"x":0.333377480506897,"y":-0.008484979160130024,"z":0.0030004852451384069,"w":0.9427509307861328},"size":4.603479862213135,"orthographic":false}