{"cameraMode":{"drawMode":0,"name":"Shaded","section":"Shading Mode"},"sceneLighting":false,"audioPlay":false,"sceneViewState":{"showFog":true,"showMaterialUpdate":true,"showSkybox":false,"showFlares":true,"showImageEffects":true,"showParticleSystems":true},"in2DMode":false,"pivot":{"x":-2.0224385261535646,"y":0.5969153046607971,"z":0.037650465965270999},"rotation":{"x":0.0800817534327507,"y":0.7450864911079407,"z":-0.09097619354724884,"w":0.6558630466461182},"size":1.8565609455108643,"orthographic":true}