{"cameraMode":{"drawMode":0,"name":"Shaded","section":"Shading Mode"},"sceneLighting":false,"audioPlay":false,"sceneViewState":{"showFog":true,"showMaterialUpdate":true,"showSkybox":true,"showFlares":true,"showImageEffects":true,"showParticleSystems":true},"in2DMode":false,"pivot":{"x":49.918609619140628,"y":28.03362274169922,"z":0.0},"rotation":{"x":0.09707017242908478,"y":0.4470990002155304,"z":-0.048881229013204578,"w":0.887857973575592},"size":294.2720947265625,"orthographic":false}