{"cameraMode":{"drawMode":0,"name":"Shaded","section":"Shading Mode"},"sceneLighting":false,"audioPlay":false,"sceneViewState":{"showFog":true,"showMaterialUpdate":true,"showSkybox":true,"showFlares":true,"showImageEffects":true,"showParticleSystems":true},"in2DMode":false,"pivot":{"x":16.499610900878908,"y":1.6863703727722169,"z":15.97958755493164},"rotation":{"x":0.20405636727809907,"y":0.001468437840230763,"z":-0.0003060839662794024,"w":0.9789572954177856},"size":3.1964735984802248,"orthographic":true}