{"cameraMode":{"drawMode":0,"name":"Shaded","section":"Shading Mode"},"sceneLighting":false,"audioPlay":false,"sceneViewState":{"showFog":true,"showMaterialUpdate":true,"showSkybox":true,"showFlares":true,"showImageEffects":true,"showParticleSystems":true},"in2DMode":false,"pivot":{"x":14.61738395690918,"y":2.7310683727264406,"z":12.48432731628418},"rotation":{"x":0.21723803877830506,"y":-0.011713104322552681,"z":0.0026069809682667257,"w":0.9760450720787048},"size":2.448392152786255,"orthographic":true}