{"cameraMode":{"drawMode":0,"name":"Shaded","section":"Shading Mode"},"sceneLighting":false,"audioPlay":false,"sceneViewState":{"showFog":true,"showMaterialUpdate":true,"showSkybox":false,"showFlares":true,"showImageEffects":true,"showParticleSystems":true},"in2DMode":false,"pivot":{"x":0.0,"y":-0.12000000476837158,"z":0.009999990463256836},"rotation":{"x":0.20111723244190217,"y":0.004359017591923475,"z":-0.0008952795760706067,"w":0.9795581698417664},"size":4.052589416503906,"orthographic":true}