{"cameraMode":{"drawMode":0,"name":"Shaded","section":"Shading Mode"},"sceneLighting":false,"audioPlay":false,"sceneViewState":{"showFog":true,"showMaterialUpdate":true,"showSkybox":true,"showFlares":true,"showImageEffects":true,"showParticleSystems":true},"in2DMode":false,"pivot":{"x":16.280574798583986,"y":-2.2428956031799318,"z":15.023040771484375},"rotation":{"x":0.8355984687805176,"y":0.035236671566963199,"z":-0.053971000015735629,"w":0.5455467104911804},"size":7.610559463500977,"orthographic":false}