{"cameraMode":{"drawMode":0,"name":"Shaded","section":"Shading Mode"},"sceneLighting":false,"audioPlay":false,"sceneViewState":{"showFog":true,"showMaterialUpdate":true,"showSkybox":true,"showFlares":true,"showImageEffects":true,"showParticleSystems":true},"in2DMode":false,"pivot":{"x":1020.7115478515625,"y":421.6615905761719,"z":-54.29676055908203},"rotation":{"x":0.17607714235782624,"y":4.918260243513828e-10,"z":-9.130128875156629e-10,"w":0.9843757152557373},"size":712.4385986328125,"orthographic":true}