{"cameraMode":{"drawMode":0,"name":"Shaded","section":"Shading Mode"},"sceneLighting":false,"audioPlay":false,"sceneViewState":{"showFog":true,"showMaterialUpdate":true,"showSkybox":true,"showFlares":true,"showImageEffects":true,"showParticleSystems":true},"in2DMode":false,"pivot":{"x":7.669978141784668,"y":1.4578746557235718,"z":14.832801818847657},"rotation":{"x":-0.008962155319750309,"y":0.747767448425293,"z":-0.010095478035509587,"w":-0.6638230681419373},"size":4.605964660644531,"orthographic":false}